{
    "name": "Fusion3 Base Printer",
    "version": 2,
    "inherits": "fdmprinter",
    "metadata": {
        "visible": false,
        "author": "Keith Varin",
        "manufacturer": "Fusion3Design",
        "file_formats": "text/x-gcode",
        "first_start_actions": ["MachineSettingsAction"],

        "machine_extruder_trains": {
            "0": "fusion3_extruder_0"
        },

        "has_materials": true,
        "has_variants": true,
        "has_machine_quality": true,
        "variants_name": "Nozzle Size",

        "preferred_variant_name": "0.4mm Nozzle",
        "preferred_quality_type": "normal",
        "preferred_material": "generic_abs",

        "exclude_materials": [
        "bestfilament_abs_skyblue",
        "bestfilament_petg_orange",
        "bestfilament_pla_green",
        "chromatik_pla",
        "dsm_arnitel2045_175",
        "dsm_novamid1070_175",
        "emotiontech_abs",
        "emotiontech_absx",
        "emotiontech_acetate",
        "emotiontech_asax",
        "emotiontech_bvoh",
        "emotiontech_copa",
        "emotiontech_hips",
        "emotiontech_nylon_1030",
        "emotiontech_nylon_1030cf",
        "emotiontech_nylon_1070",
        "emotiontech_pc",
        "emotiontech_pekk",
        "emotiontech_petg",
        "emotiontech_pla",
        "emotiontech_pla_hr_870",
        "emotiontech_pva-m",
        "emotiontech_pva-s",
        "emotiontech_tpu98a",
        "eryone_petg",
        "eryone_pla",
        "eryone_pla_glow",
        "eryone_pla_matte",
        "eryone_pla_wood",
        "eSUN_PETG_Black",
        "eSUN_PETG_Grey",
        "eSUN_PETG_Purple",
        "Extrudr_GreenTECPro_Anthracite_175",
        "Extrudr_GreenTECPro_Black_175",
        "Extrudr_GreenTECPro_Blue_175",
        "Extrudr_GreenTECPro_Nature_175",
        "Extrudr_GreenTECPro_Red_175",
        "Extrudr_GreenTECPro_Silver_175",
        "Extrudr_GreenTECPro_White_175",
        "fabtotum_abs",
        "fabtotum_nylon",
        "fabtotum_pla",
        "fabtotum_tpu",
        "fdplast_abs_tomato",
        "fdplast_petg_gray",
        "fdplast_pla_olive",
        "fiberlogy_hd_pla",
        "filo3d_pla",
        "filo3d_pla_green",
        "filo3d_pla_red",
        "generic_bam",
        "generic_bvoh_175",
        "generic_gffcpe",
        "generic_gffpa",
        "generic_hips",
        "generic_hips_175",
        "generic_pp",
        "generic_pva",
        "generic_pva_175",
        "goofoo_abs",
        "goofoo_asa",
        "goofoo_bronze_pla",
        "goofoo_emarble_pla",
        "goofoo_esilk_pla",
        "goofoo_hips",
        "goofoo_pa",
        "goofoo_pa_cf",
        "goofoo_pc",
        "goofoo_peek",
        "goofoo_petg",
        "goofoo_pla",
        "goofoo_pva",
        "goofoo_tpe_83a",
        "goofoo_tpu_87a",
        "goofoo_tpu_95a",
        "goofoo_wood_pla",
        "imade3d_petg_175",
        "imade3d_pla_175",
        "innofill_innoflex60_175",
        "layer_one_black_pla",
        "layer_one_dark_gray_pla",
        "layer_one_white_pla",
        "leapfrog_abs_natural",
        "leapfrog_epla_natural",
        "leapfrog_pva_natural",
        "octofiber_pla",
        "redd_abs",
        "redd_asa",
        "redd_hips",
        "redd_nylon",
        "redd_petg",
        "redd_pla",
        "redd_tpe",
        "structur3d_dap100silicone",
        "tizyx_abs",
        "tizyx_flex",
        "tizyx_petg",
        "tizyx_pla",
        "tizyx_pla_bois",
        "tizyx_pva",
        "ultimaker_abs_black",
        "ultimaker_abs_blue",
        "ultimaker_abs_green",
        "ultimaker_abs_grey",
        "ultimaker_abs_orange",
        "ultimaker_abs_pearl-gold",
        "ultimaker_abs_red",
        "ultimaker_abs_silver-metallic",
        "ultimaker_abs_white",
        "ultimaker_abs_yellow",
        "ultimaker_bam",
        "ultimaker_cpe_black",
        "ultimaker_cpe_blue",
        "ultimaker_cpe_dark-grey",
        "ultimaker_cpe_green",
        "ultimaker_cpe_light-grey",
        "ultimaker_cpe_plus_black",
        "ultimaker_cpe_plus_transparent",
        "ultimaker_cpe_plus_white",
        "ultimaker_cpe_red",
        "ultimaker_cpe_transparent",
        "ultimaker_cpe_white",
        "ultimaker_cpe_yellow",
        "ultimaker_nylon_black",
        "ultimaker_nylon_transparent",
        "ultimaker_pc_black",
        "ultimaker_pc_transparent",
        "ultimaker_pc_white",
        "ultimaker_petg_black",
        "ultimaker_petg_blue",
        "ultimaker_petg_blue_translucent",
        "ultimaker_petg_green",
        "ultimaker_petg_green_translucent",
        "ultimaker_petg_grey",
        "ultimaker_petg_orange",
        "ultimaker_petg_red",
        "ultimaker_petg_red_translucent",
        "ultimaker_petg_silver",
        "ultimaker_petg_transparent",
        "ultimaker_petg_white",
        "ultimaker_petg_yellow",
        "ultimaker_petg_yellow_fluorescent",
        "ultimaker_pla_black",
        "ultimaker_pla_blue",
        "ultimaker_pla_green",
        "ultimaker_pla_magenta",
        "ultimaker_pla_orange",
        "ultimaker_pla_pearl-white",
        "ultimaker_pla_red",
        "ultimaker_pla_silver-metallic",
        "ultimaker_pla_transparent",
        "ultimaker_pla_white",
        "ultimaker_pla_yellow",
        "ultimaker_pp_transparent",
        "ultimaker_pva",
        "ultimaker_tough_pla_black",
        "ultimaker_tough_pla_green",
        "ultimaker_tough_pla_red",
        "ultimaker_tough_pla_white",
        "ultimaker_tpu_black",
        "ultimaker_tpu_blue",
        "ultimaker_tpu_red",
        "ultimaker_tpu_white",
        "verbatim_bvoh_175",
        "Vertex_Delta_ABS",
        "Vertex_Delta_PET",
        "Vertex_Delta_PLA",
        "Vertex_Delta_PLA_Glitter",
        "Vertex_Delta_PLA_Mat",
        "Vertex_Delta_PLA_Satin",
        "Vertex_Delta_PLA_Wood",
        "Vertex_Delta_TPU",
        "volumic_abs_ultra",
        "volumic_arma_ultra",
        "volumic_asa_ultra",
        "volumic_br80_ultra",
        "volumic_bumper_ultra",
        "volumic_cu80_ultra",
        "volumic_flex93_ultra",
        "volumic_medical_ultra",
        "volumic_nylon_ultra",
        "volumic_pekk_carbone",
        "volumic_petgcarbone_ultra",
        "volumic_petg_ultra",
        "volumic_pla_ultra",
        "volumic_pp_ultra",
        "volumic_strong_ultra",
        "volumic_support_ultra",
        "xyzprinting_abs",
        "xyzprinting_antibact_pla",
        "xyzprinting_carbon_fiber",
        "xyzprinting_colorinkjet_pla",
        "xyzprinting_flexible",
        "xyzprinting_metallic_pla",
        "xyzprinting_nylon",
        "xyzprinting_petg",
        "xyzprinting_pla",
        "xyzprinting_tough_pla",
        "xyzprinting_tpu",
        "zyyx_pro_flex",
        "zyyx_pro_pla"
        ]
    }
}
